Date,Open,High,Low,Close,Volume,Tick Volume
2012.11.16,30.57000,30.63000,29.93000,29.99000,14326,7060200
2012.11.19,30.44000,30.80000,30.27000,30.39000,6588,3765100
2012.11.21,30.72000,30.87000,30.21000,30.81000,14032,8160100
2012.11.22,30.95000,30.99000,30.64000,30.67000,1255,1225700
2012.11.23,30.67000,31.21000,30.60000,31.21000,7127,2836000
2012.11.26,31.19000,31.23000,30.65000,30.94000,6384,3600400
2012.11.27,31.16000,31.42000,30.83000,30.83000,8782,4924100
2012.11.28,30.34000,30.94000,30.23000,30.32000,10559,6280400
2012.11.29,30.77000,31.70000,30.72000,31.66000,12034,4628200
2012.11.30,31.53000,31.78000,31.07000,31.78000,12244,4973700
2012.12.03,31.72000,31.93000,31.11000,31.59000,10943,5178400
2012.12.04,31.82000,31.82000,31.02000,31.02000,12076,5001400
2012.12.05,31.48000,31.64000,31.16000,31.53000,11867,5251600
2012.12.06,31.47000,31.65000,31.19000,31.32000,8219,2463600
2012.12.07,31.58000,31.97000,31.48000,31.68000,8224,3255700
2012.12.10,31.36000,32.25000,31.36000,32.25000,8237,3267100
2012.12.11,32.40000,32.96000,32.15000,32.96000,9786,3597700
2012.12.12,32.96000,33.61000,32.86000,33.30000,17704,6521100
2012.12.13,32.97000,33.59000,32.80000,33.49000,11655,4283000
2012.12.14,33.74000,34.82000,33.69000,34.82000,12260,4361800
2012.12.17,34.82000,35.50000,34.73000,35.50000,9148,3296100
2012.12.18,35.69000,36.35000,35.57000,36.19000,16820,5741600
2012.12.19,36.18000,36.81000,35.30000,35.54000,15678,4820000
2012.12.20,35.35000,35.75000,35.04000,35.71000,8429,2559600
2012.12.21,34.88000,35.42000,34.82000,35.41000,7098,3016600
2012.12.26,34.96000,36.00000,34.95000,35.64000,4349,1415700
2012.12.27,35.35000,36.01000,35.30000,35.64000,8094,2081800
2012.12.28,35.64000,35.90000,35.44000,35.74000,8681,2474000
2013.01.02,36.35000,37.83000,36.35000,37.27000,12531,4051600
2013.01.03,36.77000,37.25000,36.64000,36.64000,11712,4114500
2013.01.04,36.63000,36.64000,35.59000,35.95000,12255,5639400
2013.01.07,35.95000,36.24000,35.19000,35.36000,10834,3028400
2013.01.08,35.31000,35.69000,35.04000,35.09000,8000,2628300
2013.01.09,35.25000,35.54000,34.96000,35.25000,7652,2286200
2013.01.10,35.34000,35.68000,35.30000,35.62000,9852,2977100
2013.01.11,35.29000,35.52000,34.60000,34.88000,8250,2993000
2013.01.14,35.16000,35.24000,34.68000,35.02000,12928,4076900
2013.01.15,34.74000,35.05000,34.49000,34.79000,7963,2570800
2013.01.16,34.85000,34.85000,34.07000,34.57000,9576,2950800
2013.01.17,34.32000,34.86000,34.27000,34.64000,7990,2802100
2013.01.18,34.73000,34.91000,34.26000,34.32000,7945,2493600
2013.01.21,34.39000,34.46000,34.05000,34.30000,2950,905500
2013.01.22,34.39000,34.78000,34.19000,34.78000,6924,2613100
2013.01.23,34.87000,34.93000,34.41000,34.53000,7373,3030800
2013.01.24,34.65000,34.79000,33.58000,33.81000,11074,3315900
2013.01.28,33.71000,33.76000,32.74000,32.79000,8554,2786800
2013.01.29,32.97000,33.26000,32.47000,33.17000,8254,3199600
2013.01.30,33.13000,33.17000,32.71000,32.75000,11940,4795800
2013.01.31,32.79000,34.06000,32.79000,34.03000,14800,6118300
2013.02.01,34.03000,34.75000,34.03000,34.53000,8082,3924300
2013.02.04,34.30000,34.46000,33.74000,34.19000,10894,5490000
2013.02.05,34.16000,34.87000,33.24000,33.56000,14325,4221200
2013.02.06,33.71000,34.16000,33.30000,33.94000,8907,3788200
2013.02.07,33.64000,34.16000,32.90000,32.99000,10167,3617500
2013.02.08,33.18000,33.34000,32.70000,33.25000,9000,3130400
2013.02.13,33.42000,33.42000,32.93000,33.06000,7834,2836700
2013.02.14,33.06000,33.06000,32.41000,32.61000,8005,3860900
2013.02.15,32.54000,32.69000,32.17000,32.37000,9845,2819200
2013.02.18,32.43000,32.43000,31.93000,32.15000,6887,1877600
2013.02.19,32.26000,32.70000,31.82000,31.82000,8487,3147800
2013.02.20,31.81000,31.87000,30.80000,30.80000,12064,3881400
2013.02.21,30.44000,31.02000,30.25000,31.02000,13977,5027700
2013.02.22,31.05000,31.24000,30.10000,30.19000,11446,7437700
2013.02.25,30.28000,30.62000,30.08000,30.33000,13950,5096100
2013.02.26,30.15000,31.06000,29.94000,30.94000,12963,4856800
2013.02.27,31.10000,31.27000,30.38000,31.27000,11012,3844000
2013.02.28,30.75000,32.25000,30.68000,31.95000,15415,7819600
2013.03.01,31.28000,31.65000,30.99000,31.06000,13531,5637800
2013.03.04,30.65000,30.65000,29.85000,30.12000,10174,3620200
2013.03.05,30.43000,30.62000,29.96000,29.96000,10151,3950000
2013.03.06,30.34000,31.81000,30.01000,31.61000,8503,4038200
2013.03.07,31.87000,32.18000,31.32000,31.59000,12416,5138900
2013.03.08,31.30000,31.89000,30.41000,30.72000,9468,3784700
2013.03.11,30.84000,31.11000,30.28000,30.99000,7302,2558000
2013.03.12,30.99000,31.32000,30.63000,30.67000,7482,2339200
2013.03.13,30.64000,30.72000,29.46000,29.46000,10297,3125300
2013.03.14,29.68000,29.84000,28.90000,29.58000,12894,4622900
2013.03.15,29.68000,30.05000,29.35000,29.35000,13959,7225900
2013.03.18,29.12000,29.60000,28.85000,29.60000,10376,3142100
2013.03.19,29.04000,29.17000,28.32000,28.38000,12628,5137700
2013.03.20,28.59000,29.19000,28.39000,29.03000,17874,5170200
2013.03.21,28.97000,29.33000,28.65000,29.28000,11597,3986700
2013.03.22,29.36000,29.46000,29.00000,29.34000,7335,2361700
2013.03.25,29.41000,29.41000,28.59000,28.95000,8225,2883900
2013.03.26,29.16000,29.29000,28.88000,29.12000,5490,1992700
2013.03.27,29.08000,29.69000,28.70000,29.69000,7780,3071900
2013.03.28,29.53000,29.83000,29.26000,29.50000,9360,2989100
2013.04.01,29.42000,29.52000,28.69000,28.69000,5327,1960700
2013.04.02,28.91000,28.96000,28.04000,28.06000,10518,5334500
2013.04.03,28.04000,29.88000,27.94000,29.88000,15644,6241200
2013.04.04,29.54000,29.75000,28.81000,28.90000,10694,4224900
2013.04.05,28.52000,29.44000,28.26000,29.21000,12926,4538700
2013.04.08,29.25000,29.48000,28.81000,29.33000,10369,6422100
2013.04.09,29.57000,30.94000,29.57000,30.59000,17145,7883500
2013.04.10,30.79000,31.11000,29.46000,29.58000,18925,8485700
2013.04.11,29.71000,29.83000,28.64000,28.86000,12451,5173100
2013.04.12,28.84000,30.31000,28.18000,29.23000,13643,6120200
2013.04.15,28.36000,28.62000,27.44000,27.44000,11245,4351000
2013.04.16,27.93000,28.15000,27.63000,28.06000,11642,5535900
2013.04.17,27.51000,28.17000,26.97000,28.17000,19690,9318200
2013.04.18,28.17000,28.45000,27.53000,27.69000,11313,4232100
2013.04.19,28.07000,28.24000,27.38000,27.86000,8797,4670600
2013.04.22,27.90000,28.26000,27.60000,28.26000,6978,2285700
2013.04.23,28.24000,29.11000,27.84000,28.99000,9569,3365600
2013.04.24,29.15000,29.83000,29.01000,29.15000,12563,7021900
2013.04.25,29.98000,30.34000,29.57000,29.71000,13610,5322900
2013.04.26,29.51000,29.68000,28.71000,28.76000,9069,2940300
2013.04.29,29.18000,29.57000,28.83000,29.16000,7449,3095700
2013.04.30,29.37000,29.73000,28.80000,29.73000,10085,3183500
2013.05.02,29.03000,29.38000,28.75000,29.07000,15806,6718200
2013.05.03,29.51000,29.94000,29.14000,29.34000,12813,3917500
2013.05.06,29.43000,29.78000,29.19000,29.36000,9910,4638200
2013.05.07,29.52000,30.25000,29.40000,30.25000,9111,3986600
2013.05.08,30.20000,30.65000,30.15000,30.34000,13688,4538300
2013.05.09,30.08000,30.73000,30.08000,30.51000,10187,5346900
2013.05.10,30.37000,30.55000,29.65000,29.72000,14214,4085900
2013.05.13,29.48000,29.65000,29.03000,29.03000,6703,3024600
2013.05.14,29.14000,29.16000,28.36000,28.46000,9649,3531800
2013.05.15,28.31000,28.43000,27.70000,27.86000,14198,19256600
2013.05.16,27.75000,27.87000,27.12000,27.21000,14335,4922700
2013.05.17,27.74000,27.84000,27.38000,27.47000,8776,2716800
2013.05.20,27.48000,28.55000,27.21000,28.55000,9402,4289700
2013.05.21,28.66000,28.87000,28.31000,28.77000,7825,2459500
2013.05.22,28.82000,29.11000,28.03000,28.31000,8887,5169100
2013.05.23,27.55000,27.78000,27.32000,27.78000,12553,4381800
2013.05.24,27.41000,27.64000,27.35000,27.51000,7883,3298600
2013.05.27,27.51000,27.75000,27.43000,27.65000,2085,603400
2013.05.28,27.95000,27.96000,27.17000,27.17000,7823,3369000
2013.05.29,26.91000,27.27000,26.79000,26.95000,13794,5896700
2013.05.31,27.38000,27.49000,26.33000,26.43000,18636,7511200
2013.06.03,26.79000,27.46000,26.72000,27.43000,14482,4656900
2013.06.04,27.78000,27.84000,27.02000,27.78000,16825,5595100
2013.06.05,27.47000,27.75000,26.76000,26.84000,11805,3997000
2013.06.06,26.86000,27.15000,26.42000,27.15000,8837,5668800
2013.06.07,26.60000,27.27000,26.59000,26.71000,11168,4315700
2013.06.10,26.55000,26.75000,26.33000,26.44000,12248,15916000
2013.06.11,26.02000,26.15000,25.78000,25.79000,16046,11418400
2013.06.12,26.05000,26.06000,25.25000,25.51000,15626,13865200
2013.06.13,25.45000,26.86000,25.44000,26.81000,15626,10587200
2013.06.14,26.86000,27.18000,26.09000,26.11000,13835,9266600
2013.06.17,26.47000,26.74000,26.30000,26.39000,10551,3616200
2013.06.18,26.21000,27.18000,26.07000,26.93000,12146,3715900
2013.06.19,26.83000,27.12000,26.62000,26.66000,16529,5169800
2013.06.20,25.99000,26.99000,25.74000,26.86000,24451,8595900
2013.06.21,26.34000,26.92000,26.21000,26.43000,27128,10022000
2013.06.24,25.91000,26.09000,24.84000,25.08000,16384,5899200
2013.06.25,25.43000,25.77000,25.16000,25.52000,12014,3451300
2013.06.26,25.61000,25.72000,24.60000,24.69000,12825,3885700
2013.06.27,24.82000,25.20000,24.69000,24.69000,10183,4244900
2013.06.28,24.69000,25.39000,24.50000,25.26000,18290,9751500
2013.07.01,25.09000,25.81000,25.09000,25.60000,9707,3178900
2013.07.02,25.26000,25.67000,24.46000,24.74000,17385,6665200
2013.07.03,24.61000,25.16000,24.32000,24.64000,12130,4633600
2013.07.04,25.21000,25.75000,25.21000,25.58000,5093,2301300
2013.07.05,25.04000,25.30000,24.21000,24.91000,13346,4380400
2013.07.08,24.95000,25.16000,24.45000,24.64000,8597,3022700
2013.07.10,25.19000,25.55000,24.88000,25.15000,16195,5921000
2013.07.11,25.98000,26.43000,25.91000,26.32000,15827,5208500
2013.07.12,26.21000,26.23000,25.84000,25.90000,8248,2875800
2013.07.15,26.34000,26.34000,25.92000,26.15000,6878,2345000
2013.07.16,26.40000,27.15000,26.30000,27.11000,12778,4742600
2013.07.17,27.31000,27.88000,27.25000,27.64000,19194,7150200
2013.07.18,27.47000,28.01000,27.38000,27.47000,11456,4526800
2013.07.19,27.18000,27.46000,26.66000,26.82000,9036,3406500
2013.07.22,26.78000,27.38000,26.74000,27.26000,8582,3764300
2013.07.23,27.56000,27.86000,27.38000,27.79000,8364,2987400
2013.07.24,27.78000,27.98000,27.41000,27.70000,11361,3968300
2013.07.25,27.43000,28.03000,27.38000,28.00000,16292,6813800
2013.07.26,27.87000,28.10000,27.52000,28.00000,8980,3305800
2013.07.29,27.74000,28.01000,27.56000,27.64000,16256,4128600
2013.07.30,27.58000,27.85000,26.96000,26.96000,19613,6357300
2013.07.31,26.90000,27.25000,26.85000,26.92000,7315,3004500
2013.08.01,27.35000,27.56000,27.14000,27.19000,8785,3013500
2013.08.02,27.18000,27.64000,26.99000,27.12000,9132,3471100
2013.08.05,27.12000,27.65000,27.08000,27.38000,6823,2673700
2013.08.06,27.30000,27.41000,26.87000,27.18000,12938,5013900
2013.08.07,27.00000,28.02000,26.97000,27.78000,9230,3602500
2013.08.08,28.05000,29.07000,28.05000,28.80000,13533,5459500
2013.08.09,29.16000,30.54000,29.06000,30.16000,19288,9766900
2013.08.12,30.40000,31.14000,30.34000,30.81000,19576,7798500
2013.08.13,31.22000,31.40000,30.60000,30.91000,16918,6112400
2013.08.14,30.79000,31.49000,30.69000,31.06000,19804,8873300
2013.08.15,30.60000,31.71000,30.57000,31.38000,25611,13060100
2013.08.16,31.43000,31.85000,31.25000,31.77000,15392,5888400
2013.08.19,31.51000,31.99000,31.34000,31.60000,14550,6191200
2013.08.20,31.17000,31.46000,30.71000,30.71000,12496,5575500
2013.08.21,30.47000,30.93000,30.10000,30.39000,13236,5022500
2013.08.22,31.01000,31.60000,30.80000,31.47000,12978,4988300
2013.08.23,31.40000,31.62000,31.00000,31.35000,14228,6163600
2013.08.26,31.05000,31.64000,31.05000,31.16000,9629,5664700
2013.08.27,30.81000,31.09000,30.52000,30.61000,11809,4579900
2013.08.28,30.64000,30.75000,29.73000,30.24000,14200,4565300
2013.08.29,30.21000,30.37000,29.50000,29.51000,11060,8102600
2013.08.30,29.60000,29.88000,29.20000,29.88000,9128,5365200
2013.09.02,30.63000,31.00000,30.30000,30.92000,8189,2763400
2013.09.03,30.86000,31.16000,30.58000,31.12000,12036,3886500
2013.09.04,30.73000,31.25000,30.56000,31.25000,9626,3290800
2013.09.05,31.07000,31.39000,30.74000,31.24000,9031,2904600
2013.09.06,31.49000,31.59000,30.92000,31.14000,11397,3367300
2013.09.09,31.16000,32.29000,31.00000,32.07000,15631,4707500
2013.09.10,32.12000,33.25000,32.10000,32.85000,17975,9664400
2013.09.11,32.84000,33.19000,31.98000,32.24000,14615,7129500
2013.09.12,32.24000,32.32000,31.72000,32.07000,11199,3951700
2013.09.13,32.11000,32.11000,31.47000,31.68000,9428,3665000
2013.09.16,31.85000,32.05000,31.43000,31.59000,9774,3133300
2013.09.17,31.48000,31.72000,31.07000,31.67000,8919,3155300
2013.09.18,31.59000,31.84000,31.32000,31.71000,13503,4443900
2013.09.19,31.97000,31.97000,31.26000,31.58000,13272,3789400
2013.09.20,31.42000,31.56000,30.78000,30.96000,12100,4911600
2013.09.23,31.04000,31.55000,30.91000,31.26000,6361,2418300
2013.09.24,31.33000,31.33000,30.66000,30.77000,12407,4377000
2013.09.25,30.77000,31.17000,30.77000,31.03000,11948,3388200
2013.09.26,31.08000,31.33000,30.84000,31.25000,6146,2143500
2013.09.27,31.06000,31.16000,30.39000,30.52000,11718,4673400
2013.09.30,29.95000,30.34000,29.70000,29.91000,9794,3991700
2013.10.01,30.16000,30.16000,29.35000,29.95000,12741,4047400
2013.10.02,29.73000,30.17000,29.60000,29.95000,7065,2311300
2013.10.03,29.99000,30.25000,29.36000,29.55000,8209,3928400
2013.10.04,29.62000,29.86000,29.13000,29.86000,9267,3805100
2013.10.07,29.59000,29.91000,29.43000,29.59000,10543,3616400
2013.10.08,29.60000,29.60000,29.09000,29.17000,9139,5262100
2013.10.09,29.40000,29.40000,28.49000,28.82000,11001,3579100
2013.10.10,29.03000,29.16000,28.59000,29.03000,11756,3656000
2013.10.11,28.90000,29.43000,28.85000,29.31000,8758,2236000
2013.10.14,29.07000,30.71000,28.96000,30.67000,14728,4882000
2013.10.15,30.66000,31.49000,30.41000,30.93000,15361,9481100
2013.10.16,30.82000,31.06000,30.61000,30.76000,12334,3543500
2013.10.17,30.47000,31.45000,30.47000,31.13000,16123,13674700
2013.10.18,31.37000,31.67000,30.94000,31.15000,7891,12632500
2013.10.21,31.43000,31.64000,31.18000,31.54000,8809,3299700
2013.10.22,31.51000,32.32000,31.34000,32.00000,10792,4087500
2013.10.23,31.74000,31.74000,31.06000,31.25000,12808,3724400
2013.10.24,31.25000,31.53000,30.97000,31.25000,11367,3496800
2013.10.25,31.12000,31.28000,30.77000,31.27000,10208,15370000
2013.10.28,31.29000,31.64000,31.13000,31.48000,7741,6575900
2013.10.29,31.74000,31.74000,30.98000,31.33000,7574,2751900
2013.10.30,31.51000,31.66000,31.02000,31.22000,7309,3246800
2013.10.31,31.33000,31.87000,31.10000,31.87000,10315,5510500
2013.11.01,31.93000,32.90000,31.88000,32.90000,12498,6015200
2013.11.04,32.80000,33.79000,32.80000,33.79000,11198,5160400
2013.11.05,33.92000,34.29000,33.71000,33.73000,12652,4536500
2013.11.06,34.06000,34.40000,33.90000,34.30000,16166,6145800
2013.11.07,34.43000,34.71000,32.97000,33.19000,16211,6861300
2013.11.08,32.90000,33.19000,32.57000,32.76000,14955,5732600
2013.11.11,32.76000,33.24000,32.57000,32.94000,9997,4376300
2013.11.12,32.99000,33.08000,31.73000,31.91000,13885,9905600
2013.11.13,31.47000,31.86000,30.94000,31.68000,12576,8964700
2013.11.14,31.98000,32.29000,31.68000,31.99000,11147,4309400
2013.11.18,32.23000,32.66000,32.03000,32.32000,9127,3577800
2013.11.19,32.15000,32.30000,31.62000,31.74000,11630,3922900
2013.11.21,31.23000,31.70000,31.12000,31.22000,7687,3241700
2013.11.22,30.96000,31.64000,30.94000,31.50000,8075,3159100
2013.11.25,31.63000,31.66000,30.80000,30.89000,9806,3777100
2013.11.26,30.76000,30.93000,29.90000,29.90000,11131,4935600
2013.11.27,30.22000,30.92000,30.04000,30.53000,13873,5934300
2013.11.28,31.68000,31.69000,31.18000,31.38000,5997,2199400
2013.11.29,31.51000,31.98000,31.35000,31.98000,9028,3456800
2013.12.02,31.48000,31.81000,31.24000,31.57000,12896,4800100
2013.12.03,31.25000,31.75000,31.19000,31.27000,9389,3351200
2013.12.04,31.54000,31.70000,31.27000,31.40000,8446,2978800
2013.12.05,31.41000,32.14000,31.41000,31.76000,13385,3873400
2013.12.06,32.09000,32.16000,31.64000,31.70000,9955,3369300
2013.12.09,31.68000,32.05000,31.62000,32.01000,8308,2370500
2013.12.10,31.91000,32.27000,31.51000,31.58000,7973,2500300
2013.12.11,31.59000,31.63000,30.94000,30.94000,7966,2312900
2013.12.12,31.20000,31.20000,30.55000,30.80000,11332,4071600
2013.12.13,31.20000,31.20000,30.42000,30.61000,11358,3700800
2013.12.16,30.61000,30.92000,30.55000,30.66000,9902,2566400
2013.12.17,30.46000,31.03000,30.43000,30.55000,9741,3009300
2013.12.18,30.82000,30.82000,30.45000,30.64000,12877,5233900
2013.12.19,31.02000,31.30000,30.69000,31.30000,7486,2736400
2013.12.20,30.98000,31.27000,30.53000,30.71000,7557,4849600
2013.12.23,30.71000,30.95000,30.55000,30.81000,6013,1978500
2013.12.26,31.05000,31.11000,30.78000,30.94000,8343,2071200
2013.12.27,31.10000,31.81000,30.99000,31.65000,13404,4125700
2013.12.30,31.99000,32.19000,31.66000,31.84000,8838,2537700
2014.01.02,32.01000,32.14000,30.82000,31.03000,14846,4390300
2014.01.03,31.03000,31.03000,30.14000,30.14000,15054,9141000
2014.01.06,29.98000,30.39000,29.77000,30.39000,12765,4520600
2014.01.07,30.32000,30.62000,29.53000,29.64000,11765,4318900
2014.01.08,29.86000,29.99000,29.66000,29.85000,7002,2966600
2014.01.09,29.85000,29.85000,28.66000,28.79000,12148,5331900
2014.01.10,28.76000,29.30000,28.68000,28.75000,10758,4195900
2014.01.13,28.58000,28.93000,28.41000,28.56000,9858,4244400
2014.01.14,28.49000,28.76000,28.29000,28.55000,10800,4353800
2014.01.15,28.62000,28.99000,28.38000,28.93000,10342,4680800
2014.01.16,29.40000,29.74000,29.05000,29.27000,8883,4040500
2014.01.17,29.25000,29.38000,28.86000,28.97000,9041,4032000
2014.01.20,28.67000,28.92000,28.14000,28.34000,3323,1652600
2014.01.21,28.40000,28.43000,27.66000,27.71000,11426,5391400
2014.01.22,27.93000,28.54000,27.73000,28.36000,11220,5161000
2014.01.23,27.90000,28.35000,27.57000,27.57000,19183,8139700
2014.01.24,27.47000,27.99000,27.41000,27.86000,24914,8290500
2014.01.27,27.94000,28.05000,27.37000,27.74000,10451,4238600
2014.01.28,28.33000,28.58000,28.22000,28.31000,14128,4772600
2014.01.29,28.31000,29.93000,28.06000,29.51000,21095,8922600
2014.01.30,29.53000,29.76000,28.89000,28.97000,14448,5600900
2014.01.31,28.69000,29.56000,28.56000,29.46000,13427,4559200
2014.02.03,29.39000,29.42000,28.61000,28.64000,11722,4110000
2014.02.04,28.99000,29.38000,28.50000,29.13000,11863,3532700
2014.02.05,29.20000,29.96000,29.12000,29.87000,17331,7054400
2014.02.06,30.31000,31.01000,30.04000,30.54000,18594,6212900
2014.02.07,30.56000,30.87000,30.12000,30.36000,11427,3895800
2014.02.10,30.25000,30.69000,29.93000,29.99000,14103,3848600
2014.02.11,30.31000,30.87000,29.95000,30.75000,20037,5512800
2014.02.12,30.89000,31.09000,30.58000,30.72000,24666,5853900
2014.02.13,30.53000,30.71000,30.14000,30.60000,19565,6414100
2014.02.14,30.76000,31.16000,30.53000,31.06000,16780,4724200
2014.02.17,31.17000,31.28000,30.75000,30.75000,3912,1369500
2014.02.18,30.89000,31.37000,30.76000,30.82000,19824,7515100
2014.02.19,30.80000,31.28000,30.64000,31.13000,15799,5316100
2014.02.20,30.96000,31.12000,30.76000,30.77000,15992,5843300
2014.02.21,30.98000,31.10000,30.67000,30.86000,10170,3880500
2014.02.24,30.82000,30.82000,30.01000,30.02000,10382,3897900
2014.02.25,29.60000,29.63000,28.88000,28.98000,13575,3715200
2014.02.26,29.04000,29.38000,28.69000,28.99000,21187,4833600
2014.02.27,29.51000,29.91000,29.12000,29.43000,15816,3877400
2014.02.28,29.46000,29.60000,29.04000,29.42000,17624,7171400
2014.03.05,28.84000,29.19000,28.31000,28.39000,8080,3195500
2014.03.06,28.63000,28.69000,28.30000,28.31000,8393,5463300
2014.03.07,28.08000,28.24000,27.14000,27.24000,16350,5466500
2014.03.10,26.75000,26.91000,26.30000,26.78000,17677,7961300
2014.03.11,27.01000,27.18000,26.28000,26.34000,15000,5624800
2014.03.12,26.30000,27.03000,26.13000,26.84000,15483,5236300
2014.03.13,26.97000,27.24000,26.05000,26.12000,11862,4895900
2014.03.14,26.16000,26.44000,25.93000,26.09000,11980,4917300
2014.03.17,26.09000,26.79000,26.08000,26.13000,9792,3554500
2014.03.18,26.33000,26.73000,26.09000,26.58000,15339,4692400
2014.03.19,26.57000,26.93000,26.28000,26.40000,19719,6316100
2014.03.20,26.29000,26.86000,26.09000,26.64000,23037,6236800
2014.03.21,26.48000,27.43000,26.43000,27.13000,15778,6095700
2014.03.24,27.28000,27.44000,26.99000,27.26000,12632,4437800
2014.03.25,27.64000,27.82000,27.36000,27.48000,17384,5788600
2014.03.26,27.86000,27.91000,27.16000,27.16000,16527,5282100
2014.03.27,27.56000,27.81000,27.32000,27.73000,21554,6924600
2014.03.28,27.90000,28.09000,27.38000,27.65000,14258,5312800
2014.03.31,27.90000,28.53000,27.90000,28.01000,12737,5954700
2014.04.01,28.26000,28.39000,27.68000,27.96000,12398,5557800
2014.04.02,27.96000,29.44000,27.94000,29.00000,16342,11279600
2014.04.03,28.88000,29.47000,28.64000,29.34000,17140,6135300
2014.04.04,29.55000,29.73000,28.96000,28.96000,11456,6169700
2014.04.07,29.41000,29.80000,29.14000,29.72000,11557,3763900
2014.04.08,30.01000,30.70000,29.54000,29.65000,17310,5925900
2014.04.09,29.60000,29.83000,29.19000,29.40000,10386,4043600
2014.04.10,29.33000,29.50000,28.97000,29.24000,9356,2960400
2014.04.11,29.08000,29.39000,28.66000,29.39000,12174,4172600
2014.04.14,29.44000,29.63000,29.21000,29.32000,15012,4118100
2014.04.15,29.15000,29.56000,27.73000,28.36000,22034,7168900
2014.04.16,28.55000,28.80000,28.34000,28.49000,10477,3224200
2014.04.17,28.55000,29.25000,28.46000,29.01000,9541,2735900
2014.04.22,28.75000,28.75000,28.15000,28.15000,15422,5726300
2014.04.23,28.14000,28.23000,27.69000,27.76000,12104,3524800
2014.04.24,27.96000,28.55000,27.75000,28.22000,10283,3242400
2014.04.25,28.05000,28.14000,27.57000,27.79000,9213,4635200
2014.04.28,27.42000,27.50000,26.71000,27.12000,11433,3554100
2014.04.29,27.39000,27.46000,27.15000,27.30000,8984,3839800
2014.04.30,26.93000,27.20000,26.33000,26.95000,21046,8176700
2014.05.02,27.14000,27.86000,26.93000,27.68000,9569,6526300
2014.05.05,27.76000,27.90000,27.29000,27.60000,7206,2406700
2014.05.06,27.41000,27.88000,27.30000,27.33000,10178,3216400
2014.05.07,27.40000,27.72000,27.20000,27.47000,8716,3228200
2014.05.08,27.63000,27.68000,26.78000,27.01000,11632,3723400
2014.05.09,27.06000,27.20000,26.78000,26.78000,12351,3246200
2014.05.12,27.41000,28.14000,27.21000,28.05000,9058,3127000
2014.05.13,28.00000,28.35000,27.87000,28.09000,8765,3065200
2014.05.14,28.18000,28.86000,28.16000,28.77000,8681,3719000
2014.05.15,28.64000,28.81000,28.25000,28.51000,7738,2678800
2014.05.16,28.28000,28.29000,27.66000,27.87000,10286,3635200
2014.05.19,27.59000,27.59000,26.99000,27.01000,11560,3856300
2014.05.20,26.99000,27.18000,26.44000,26.45000,12739,3977800
2014.05.21,26.77000,26.94000,26.48000,26.48000,10916,2896700
2014.05.22,26.75000,27.32000,26.74000,26.89000,7011,2575400
2014.05.23,27.03000,27.11000,26.69000,26.82000,6153,2502600
2014.05.26,26.99000,27.29000,26.94000,27.13000,2417,927400
2014.05.27,26.99000,27.22000,26.66000,26.66000,8327,3132600
2014.05.28,26.64000,26.81000,26.45000,26.66000,9876,3760400
2014.05.29,26.81000,26.89000,26.44000,26.89000,4707,1818000
2014.05.30,26.26000,26.53000,25.93000,26.03000,12703,6069000
2014.06.02,26.37000,26.92000,26.26000,26.71000,9984,3089700
2014.06.03,26.71000,26.77000,26.29000,26.44000,4807,1992800
2014.06.04,26.40000,26.80000,26.36000,26.51000,6787,2945200
2014.06.05,26.51000,26.79000,26.35000,26.38000,9156,2882700
2014.06.06,26.95000,27.13000,26.71000,26.92000,16784,6892600
2014.06.09,26.96000,27.32000,26.91000,27.16000,15348,5506200
2014.06.10,27.21000,27.27000,26.66000,26.99000,10635,5001700
2014.06.11,27.41000,27.43000,26.87000,27.17000,8524,3670700
2014.06.13,26.35000,26.62000,26.11000,26.22000,11276,4585300
2014.06.16,26.35000,26.35000,25.86000,26.05000,7654,3254100
2014.06.17,26.04000,26.11000,25.90000,26.08000,7130,2550400
2014.06.18,26.12000,26.55000,26.06000,26.44000,14713,5681600
2014.06.20,26.40000,26.57000,26.12000,26.37000,5499,2126600
2014.06.23,26.67000,26.93000,26.50000,26.68000,6919,2692000
2014.06.24,26.67000,26.85000,26.25000,26.32000,10260,3574800
2014.06.25,26.21000,26.65000,26.10000,26.27000,5341,1970800
2014.06.26,26.57000,27.27000,26.57000,26.89000,7155,3147000
2014.06.27,26.85000,27.08000,26.58000,26.64000,4294,1855800
2014.06.30,26.59000,26.88000,26.41000,26.80000,6032,2898100
2014.07.01,27.04000,27.47000,27.04000,27.18000,7636,2842300
2014.07.02,27.32000,27.98000,27.25000,27.90000,12990,6069200
2014.07.03,28.01000,28.76000,28.01000,28.45000,10610,5200300
2014.07.04,28.57000,28.64000,28.42000,28.62000,2089,708300
2014.07.07,28.42000,28.61000,28.06000,28.23000,7264,2539800
2014.07.08,28.37000,28.43000,28.02000,28.24000,5198,1739300
2014.07.10,28.25000,28.40000,27.97000,28.23000,12413,4147800
2014.07.11,28.23000,28.42000,27.87000,28.14000,6070,2503000
2014.07.14,28.37000,28.60000,28.23000,28.29000,13547,4632700
2014.07.15,28.32000,28.68000,28.32000,28.47000,8295,3295400
2014.07.16,28.75000,29.41000,28.75000,29.26000,14219,5259000
2014.07.17,29.15000,29.27000,28.82000,28.86000,10940,3712200
2014.07.18,29.33000,29.33000,28.78000,28.83000,11497,4786500
2014.07.21,28.86000,29.08000,28.63000,28.93000,9947,3176000
2014.07.22,29.15000,29.46000,29.15000,29.21000,11492,3810500
2014.07.23,29.15000,29.52000,29.08000,29.08000,7942,2656000
2014.07.24,29.39000,29.88000,29.32000,29.64000,10960,3281600
2014.07.25,29.61000,29.79000,29.56000,29.68000,5468,1925200
2014.07.28,29.85000,30.29000,29.85000,30.08000,14050,5104000
2014.07.29,30.25000,30.48000,30.08000,30.18000,7281,3000500
2014.07.30,30.20000,30.24000,29.47000,29.53000,10020,4955200
2014.07.31,29.41000,30.20000,29.36000,29.84000,12354,4675100
2014.08.01,29.74000,29.84000,29.01000,29.12000,9243,3871300
2014.08.04,29.20000,29.46000,28.92000,29.46000,8500,3203300
2014.08.05,29.33000,29.33000,28.93000,28.98000,10291,3022200
2014.08.06,28.99000,29.40000,28.92000,29.15000,8866,2633700
2014.08.07,29.38000,29.46000,28.91000,28.97000,7964,2363200
2014.08.08,28.87000,29.25000,28.75000,28.97000,7868,3061800
2014.08.11,29.33000,29.62000,29.19000,29.19000,10638,3911100
2014.08.12,29.19000,29.38000,29.08000,29.34000,12646,3624600
2014.08.13,29.10000,29.17000,28.42000,28.73000,17792,5449200
2014.08.14,28.51000,28.64000,27.75000,28.04000,16955,5994000
2014.08.15,28.32000,28.51000,28.10000,28.42000,10099,2939800
2014.08.18,28.60000,28.69000,28.23000,28.64000,6942,2469300
2014.08.19,28.46000,28.90000,28.33000,28.64000,8352,2893000
2014.08.20,28.77000,29.24000,28.64000,29.12000,9481,3120100
2014.08.21,29.06000,29.30000,28.81000,28.93000,10851,3587400
2014.08.22,28.82000,28.83000,28.56000,28.75000,4448,1941000
2014.08.25,28.90000,28.90000,28.53000,28.57000,8055,3180100
2014.08.26,28.46000,28.76000,28.25000,28.43000,8293,3859400
2014.08.27,28.60000,28.62000,28.12000,28.12000,13090,4380300
2014.08.28,27.56000,27.71000,26.68000,26.88000,17276,8362000
2014.08.29,27.04000,27.18000,26.41000,26.69000,14454,8292000
2014.09.01,26.99000,27.04000,26.47000,26.54000,6047,1645800
2014.09.02,26.69000,26.86000,26.31000,26.35000,10717,3345900
2014.09.03,26.45000,27.04000,26.36000,26.58000,9128,5549300
2014.09.04,26.56000,26.64000,26.29000,26.29000,8107,4098400
2014.09.05,26.11000,26.29000,25.55000,25.89000,26059,9987000
2014.09.08,25.93000,25.99000,25.48000,25.76000,26513,9018400
2014.09.09,25.71000,26.48000,25.71000,26.22000,21860,6912900
2014.09.10,26.11000,26.37000,25.76000,26.03000,11869,6091900
2014.09.11,26.11000,26.17000,25.84000,26.00000,7534,3393700
2014.09.12,25.82000,26.35000,25.67000,26.23000,23027,8296100
2014.09.15,26.48000,26.80000,26.38000,26.68000,11736,3318900
2014.09.16,26.56000,27.10000,26.41000,26.72000,16207,4510400
2014.09.17,26.99000,27.04000,26.48000,26.64000,11559,3668700
2014.09.18,26.54000,27.05000,26.44000,26.66000,16051,4923600
2014.09.19,26.43000,26.65000,25.96000,25.96000,20908,6870700
2014.09.22,25.53000,25.53000,24.71000,25.01000,21093,8637500
2014.09.23,25.05000,25.40000,25.01000,25.25000,13894,4587500
2014.09.24,25.25000,25.71000,25.25000,25.34000,17819,6303500
2014.09.25,25.30000,25.30000,24.79000,25.07000,9872,4236400
2014.09.26,25.12000,25.26000,24.72000,24.72000,30057,6909600
2014.09.29,24.06000,24.74000,23.96000,24.33000,16361,6024500
2014.09.30,24.46000,25.18000,24.06000,24.61000,21435,6595800
2014.10.01,24.43000,25.22000,24.38000,24.59000,17090,5330000
2014.10.02,24.66000,25.52000,24.40000,25.31000,12888,5268100
2014.10.03,25.16000,25.35000,24.62000,24.93000,11483,4397600
2014.10.06,25.62000,25.79000,24.95000,25.06000,23131,8357800
2014.10.07,25.48000,25.51000,24.99000,25.12000,12474,6606600
2014.10.08,25.44000,25.47000,24.87000,25.09000,12241,5308800
2014.10.09,25.42000,25.42000,24.52000,24.66000,16021,6315700
2014.10.10,24.52000,24.67000,24.06000,24.06000,8981,3759700
2014.10.13,24.89000,25.78000,24.79000,25.20000,17679,6318400
2014.10.14,25.44000,26.34000,25.29000,25.95000,13656,4728800
2014.10.15,25.53000,26.00000,25.15000,25.94000,18417,6206500
2014.10.16,25.30000,25.49000,24.46000,25.10000,18933,8161300
2014.10.17,25.30000,25.66000,24.81000,25.23000,17767,6817000
2014.10.20,25.11000,25.24000,24.71000,24.97000,11068,3525600
2014.10.21,24.74000,25.53000,24.56000,25.36000,20399,7346500
2014.10.22,25.36000,25.62000,25.03000,25.36000,11414,4046800
2014.10.23,25.03000,26.15000,24.92000,25.83000,21020,6845600
2014.10.24,25.48000,26.61000,25.48000,26.01000,14546,7047000
2014.10.27,25.28000,25.59000,24.82000,24.97000,35256,13302300
2014.10.28,25.35000,25.37000,24.57000,24.77000,16799,7251000
2014.10.29,24.63000,24.94000,23.47000,23.47000,21707,10757500
2014.10.30,22.57000,22.84000,22.27000,22.46000,16377,5587900
2014.10.31,22.70000,23.69000,22.57000,23.69000,8925,5294600
2014.11.03,23.41000,23.60000,23.04000,23.60000,9633,6395800
2014.11.04,23.48000,23.53000,22.56000,22.85000,15045,4722900
2014.11.05,22.51000,23.01000,22.23000,22.75000,14931,5417700
2014.11.06,22.31000,22.63000,22.09000,22.41000,15155,5024700
2014.11.07,22.42000,23.08000,22.42000,22.76000,8088,3619400
2014.11.10,23.22000,23.22000,22.08000,22.08000,8356,2938500
2014.11.11,21.74000,21.84000,21.12000,21.39000,14577,5322800
2014.11.12,21.41000,21.84000,21.32000,21.34000,15696,7710400
2014.11.13,21.34000,21.65000,21.28000,21.29000,12005,4026100
2014.11.14,21.12000,21.89000,20.91000,21.80000,15506,6490200
2014.11.17,21.73000,21.97000,21.56000,21.73000,11261,3821100
2014.11.18,21.68000,21.69000,20.86000,20.88000,19531,6002700
2014.11.19,20.71000,21.09000,20.54000,21.00000,22780,8042000
2014.11.21,21.98000,22.84000,21.57000,22.36000,35805,21586000
2014.11.24,22.75000,22.87000,22.24000,22.46000,15137,5451000
2014.11.25,22.55000,22.71000,22.33000,22.71000,11645,4874900
2014.11.26,22.75000,22.79000,21.84000,21.84000,11216,5151500
2014.11.27,22.04000,22.50000,21.78000,21.78000,5797,2129700
2014.11.28,22.02000,22.41000,21.84000,22.08000,8711,4754200
2014.12.01,21.65000,21.83000,20.93000,21.06000,21730,7728900
2014.12.02,21.28000,21.55000,20.52000,20.52000,13625,6145800
2014.12.03,20.69000,21.04000,20.49000,20.80000,11046,5156800
2014.12.04,20.86000,20.86000,20.29000,20.54000,15996,7856700
2014.12.05,20.52000,20.89000,20.28000,20.74000,15024,6340100
2014.12.08,20.65000,20.72000,19.91000,20.07000,17174,6437100
2014.12.09,19.34000,19.98000,19.23000,19.62000,17552,7290400
2014.12.10,19.56000,19.73000,18.89000,18.89000,12793,4695700
2014.12.11,18.88000,18.90000,18.13000,18.36000,13153,6276600
2014.12.12,18.26000,18.66000,17.92000,17.92000,12052,5595500
2014.12.15,18.05000,18.35000,17.57000,17.71000,19913,8698800
2014.12.16,17.37000,18.59000,17.25000,18.34000,27303,12351500
2014.12.17,18.53000,18.81000,18.33000,18.68000,34050,15000100
2014.12.18,18.95000,18.98000,18.43000,18.92000,18238,9448900
2014.12.19,19.24000,20.44000,18.98000,20.44000,9147,5165100
2014.12.22,20.75000,20.86000,20.04000,20.25000,19681,6315200
2014.12.23,20.04000,21.13000,19.95000,21.06000,9696,4238500
2014.12.26,21.06000,21.24000,20.55000,20.55000,5229,2417400
2014.12.29,20.57000,21.09000,20.57000,20.95000,6251,2274100
2014.12.30,21.21000,21.43000,20.74000,20.76000,5805,4134300
2015.01.02,20.57000,20.80000,19.96000,20.17000,14317,5612900
2015.01.05,19.67000,20.03000,19.44000,19.86000,22230,8295300
2015.01.06,20.16000,20.97000,19.97000,20.66000,18966,9774000
2015.01.07,21.15000,21.62000,20.82000,21.42000,20454,6033900
2015.01.08,21.58000,21.68000,20.95000,21.65000,8958,4623300
2015.01.09,21.41000,21.66000,21.12000,21.18000,7426,3571100
2015.01.12,20.95000,21.47000,20.78000,21.46000,9982,4512700
2015.01.13,21.51000,21.92000,21.33000,21.33000,13311,6022900
2015.01.14,20.66000,20.85000,19.61000,19.62000,22535,10770100
2015.01.15,19.71000,20.15000,19.38000,19.85000,13243,5707000
2015.01.16,19.95000,21.06000,19.76000,20.74000,12094,3911000
2015.01.19,20.33000,20.55000,20.19000,20.52000,6144,2088400
2015.01.20,20.93000,20.93000,20.39000,20.60000,5840,2047600
2015.01.21,20.73000,21.12000,20.39000,20.93000,6601,2815600
2015.01.22,21.18000,21.67000,20.62000,20.76000,9851,4007100
2015.01.23,20.38000,20.47000,19.40000,19.45000,15761,7128900
2015.01.26,18.96000,19.06000,18.55000,18.56000,12523,4844000
2015.01.27,18.36000,18.52000,17.61000,18.01000,13652,5447200
2015.01.28,17.74000,18.34000,17.67000,17.96000,9708,3972900
2015.01.29,18.01000,18.21000,16.97000,17.11000,16253,8447200
2015.01.30,16.77000,17.70000,16.73000,17.64000,25037,7131500
2015.02.02,17.96000,18.78000,17.67000,18.71000,16514,6244700
2015.02.03,19.28000,20.11000,19.08000,19.78000,21764,9620100
2015.02.04,19.79000,20.06000,19.11000,19.48000,19396,7333200
2015.02.05,19.48000,20.06000,19.36000,19.38000,13199,4486300
2015.02.06,19.15000,19.55000,18.92000,19.35000,12571,4364200
2015.02.09,19.19000,20.72000,19.15000,20.46000,9385,4425200
2015.02.10,20.17000,20.48000,19.33000,19.33000,14634,5590700
2015.02.11,19.27000,20.07000,19.27000,20.00000,14700,5674300
2015.02.12,20.57000,20.73000,20.16000,20.45000,12110,5596600
2015.02.13,20.75000,21.51000,20.67000,21.30000,16223,6851900
2015.02.18,21.51000,21.80000,21.49000,21.52000,11320,5790600
2015.02.19,21.68000,21.68000,20.89000,20.94000,9728,4582500
2015.02.20,21.05000,21.52000,20.80000,21.44000,6293,2482200
2015.02.23,20.94000,21.12000,20.26000,20.49000,13028,5537800
2015.02.24,20.52000,21.12000,20.46000,20.89000,11497,6375200
2015.02.25,20.69000,21.10000,20.66000,20.98000,13393,4706300
2015.02.26,20.73000,20.79000,19.79000,20.14000,15675,7328900
2015.02.27,20.23000,20.50000,20.01000,20.14000,12198,4924700
2015.03.02,20.05000,20.14000,19.32000,19.48000,10302,4530500
2015.03.03,19.63000,20.02000,19.54000,19.70000,10086,4368700
2015.03.04,19.41000,19.59000,19.04000,19.32000,16194,5950500
2015.03.05,19.31000,19.31000,18.38000,18.48000,17619,7099300
2015.03.06,18.43000,18.83000,18.07000,18.57000,21432,7272700
2015.03.09,18.41000,18.74000,18.15000,18.52000,17464,5316800
2015.03.10,18.13000,18.51000,18.04000,18.10000,14936,5689100
2015.03.11,18.13000,18.18000,17.80000,17.87000,21860,11118300
2015.03.12,18.12000,18.54000,17.87000,17.87000,23530,10300900
2015.03.13,17.63000,18.13000,17.20000,17.89000,26793,14047100
2015.03.16,18.07000,18.32000,17.56000,17.91000,18316,7563100
2015.03.17,17.99000,18.95000,17.98000,18.84000,24068,8560000
2015.03.18,18.53000,18.68000,18.13000,18.57000,20298,9372500
2015.03.19,18.62000,18.64000,18.15000,18.15000,7283,3453200
2015.03.20,18.45000,19.19000,18.09000,19.19000,20970,10088500
2015.03.23,19.27000,19.39000,18.84000,19.31000,9354,4800500
2015.03.24,19.14000,19.36000,18.40000,18.56000,11785,5121100
2015.03.25,18.71000,18.90000,18.27000,18.73000,10535,4521200
2015.03.26,18.58000,18.77000,17.93000,17.93000,16038,6776800
2015.03.27,17.85000,17.89000,17.22000,17.39000,12577,5998700
2015.03.30,17.65000,17.75000,17.28000,17.65000,8530,4000500
2015.03.31,17.35000,17.41000,16.90000,17.00000,9971,4660000
2015.04.01,16.85000,16.88000,16.46000,16.62000,24314,10492800
2015.04.02,16.55000,17.19000,16.27000,17.06000,17601,6403700
2015.04.06,17.29000,17.53000,16.95000,17.18000,11784,4681500
2015.04.07,17.39000,18.20000,17.31000,18.01000,17802,11637800
2015.04.08,18.43000,18.53000,17.66000,17.77000,16659,6444700
2015.04.09,17.49000,17.94000,17.24000,17.82000,13005,7782100
2015.04.10,17.82000,17.94000,17.46000,17.46000,9810,3778500
2015.04.13,17.44000,17.88000,17.10000,17.29000,12298,4690000
2015.04.14,17.58000,18.24000,17.58000,17.77000,17261,6815000
2015.04.15,17.98000,18.23000,17.64000,18.13000,22494,8474000
2015.04.16,17.99000,18.24000,17.55000,17.60000,12058,4674500
2015.04.17,17.46000,17.66000,17.31000,17.35000,9685,4028500
2015.04.20,17.41000,17.66000,17.26000,17.28000,6209,2998200
2015.04.22,17.81000,19.06000,17.75000,18.96000,19462,7952200
2015.04.23,18.77000,20.71000,18.77000,20.55000,19183,8092800
2015.04.24,21.39000,22.95000,21.34000,22.61000,41878,20663500
2015.04.27,22.76000,24.18000,22.46000,22.86000,33984,16778800
2015.04.28,23.13000,23.53000,21.51000,21.98000,27660,16718500
2015.04.29,21.10000,21.31000,20.55000,20.57000,24643,13797800
2015.04.30,20.08000,22.18000,19.85000,22.07000,36281,21799200
2015.05.04,23.49000,24.15000,23.12000,24.15000,20271,9920300
2015.05.05,24.25000,26.42000,24.13000,26.37000,27406,14135800
2015.05.06,26.80000,27.18000,24.25000,24.30000,33080,17325100
2015.05.07,24.37000,24.76000,22.97000,23.27000,23762,12409400
2015.05.08,23.83000,24.07000,22.13000,22.17000,23006,10198700
2015.05.11,22.67000,23.33000,22.48000,22.69000,13852,8114400
2015.05.12,22.61000,22.99000,21.69000,21.76000,17980,6229100
2015.05.13,21.59000,21.81000,20.97000,21.05000,20614,9246300
2015.05.14,21.00000,21.49000,20.60000,20.79000,17488,7164900
2015.05.15,20.81000,21.10000,20.65000,20.74000,11350,5488400
2015.05.18,20.67000,20.95000,19.73000,19.73000,19678,9951100
2015.05.19,19.49000,19.72000,19.33000,19.61000,16974,11725800
2015.05.20,19.50000,19.96000,19.30000,19.35000,13079,6560600
2015.05.21,19.28000,19.98000,19.28000,19.74000,7875,3313600
2015.05.22,19.98000,20.16000,19.65000,19.75000,18983,5961500
2015.05.25,19.60000,20.33000,19.60000,20.05000,4107,1512600
2015.05.26,20.12000,20.64000,19.98000,20.26000,17288,6763200
2015.05.27,20.27000,20.48000,19.75000,20.42000,11137,4463000
2015.05.28,20.00000,20.22000,19.77000,20.02000,11536,3827200
2015.05.29,19.97000,20.16000,19.54000,19.54000,19073,8593400
2015.06.01,19.56000,19.87000,19.29000,19.53000,12777,6737200
2015.06.02,19.59000,20.86000,19.59000,20.81000,15819,5825900
2015.06.03,20.82000,20.99000,20.22000,20.36000,12389,4771500
2015.06.05,19.98000,20.46000,19.80000,20.08000,14372,6059100
2015.06.08,20.01000,20.13000,19.58000,19.59000,9453,4656400
2015.06.09,19.45000,20.10000,19.40000,19.47000,12730,6289800
2015.06.10,20.03000,20.81000,19.87000,20.67000,13372,5188100
2015.06.11,20.90000,21.17000,20.54000,20.79000,15123,6184700
2015.06.12,20.59000,20.77000,20.41000,20.62000,9999,3608400
2015.06.15,20.35000,20.50000,19.74000,19.83000,14031,4372800
2015.06.16,19.64000,19.67000,19.19000,19.25000,14225,6297400
2015.06.17,19.25000,19.33000,18.81000,18.98000,11769,5319800
2015.06.18,19.15000,19.88000,19.00000,19.88000,13213,5545400
2015.06.19,19.63000,19.84000,19.35000,19.81000,6586,3145800
2015.06.22,19.98000,20.01000,19.19000,19.19000,10445,5100900
2015.06.23,19.66000,19.66000,19.31000,19.31000,7578,2855000
2015.06.24,19.57000,19.67000,19.21000,19.30000,6970,2860700
2015.06.25,19.35000,19.38000,18.65000,18.83000,12586,5093500
2015.06.26,18.90000,19.13000,18.58000,19.12000,10105,2998200
2015.06.29,18.69000,19.00000,18.53000,18.71000,9132,2879400
2015.06.30,18.56000,18.71000,17.70000,17.83000,15736,5346300
2015.07.01,17.86000,18.14000,17.52000,17.65000,8545,2429200
2015.07.02,17.44000,17.90000,17.30000,17.61000,12089,4250400
2015.07.03,17.45000,17.62000,17.12000,17.23000,8656,1942500
2015.07.06,17.01000,17.23000,16.80000,17.20000,12730,4653300
2015.07.07,17.06000,17.59000,16.22000,17.48000,24266,7940000
2015.07.08,16.91000,17.37000,16.60000,16.73000,20580,8284000
2015.07.10,17.54000,17.59000,16.68000,16.68000,14022,4806000
2015.07.13,16.96000,18.05000,16.51000,18.03000,27081,11100400
2015.07.14,17.71000,17.75000,17.21000,17.37000,16720,5262000
2015.07.15,17.62000,17.73000,16.68000,16.68000,18684,6433400
2015.07.16,16.88000,17.24000,16.84000,17.19000,8112,2865700
2015.07.17,17.28000,17.29000,16.84000,17.01000,9900,2919400
2015.07.20,16.96000,17.47000,16.86000,16.87000,10653,3472900
2015.07.21,16.97000,17.57000,16.77000,17.11000,15117,5797200
2015.07.22,16.81000,17.02000,16.41000,16.85000,20343,7793300
2015.07.23,16.87000,17.48000,16.84000,16.88000,15007,5866900
2015.07.24,16.88000,17.11000,16.12000,16.37000,16983,5613100
2015.07.27,16.33000,17.11000,15.99000,16.34000,15245,6222000
2015.07.28,16.74000,17.74000,16.63000,17.63000,26638,10641100
2015.07.29,17.93000,18.23000,17.74000,17.89000,23435,7373300
2015.07.30,18.62000,19.31000,16.95000,17.01000,21816,9972100
2015.07.31,17.09000,17.58000,16.70000,17.42000,16219,8483000
2015.08.03,17.36000,17.49000,16.86000,17.15000,9833,4242200
2015.08.04,17.47000,17.85000,17.47000,17.64000,10145,3889900
2015.08.05,18.18000,18.79000,18.18000,18.53000,18937,7720000
2015.08.06,18.29000,19.29000,18.20000,19.08000,27401,10316100
2015.08.07,18.96000,19.00000,17.95000,17.95000,18317,6610600
2015.08.10,18.08000,19.07000,17.87000,18.86000,38931,11625200
2015.08.11,18.37000,18.56000,17.65000,18.13000,31466,11477700
2015.08.12,17.93000,18.65000,17.69000,18.44000,29072,12435800
2015.08.13,18.52000,19.01000,17.97000,18.01000,17577,5992300
2015.08.14,18.03000,18.28000,17.74000,17.74000,20788,6519600
2015.08.17,17.64000,17.87000,17.52000,17.55000,10212,4277100
2015.08.18,17.59000,17.59000,16.98000,16.98000,12790,4392600
2015.08.19,16.96000,17.05000,16.26000,16.41000,14770,5190900
2015.08.20,16.48000,16.90000,16.31000,16.74000,13532,6094900
2015.08.21,16.52000,16.73000,16.28000,16.28000,13991,4976500
2015.08.24,14.76000,15.99000,14.40000,15.01000,29347,10671100
2015.08.25,15.73000,15.87000,14.96000,14.96000,15275,5986200
2015.08.26,15.33000,15.55000,14.89000,15.50000,19999,6596300
2015.08.27,15.79000,17.24000,15.77000,17.24000,27862,8352000
2015.08.28,17.01000,17.92000,16.77000,16.87000,17901,6207000
2015.08.31,16.59000,17.63000,16.53000,17.47000,16323,7681600
2015.09.01,16.87000,17.51000,16.67000,16.67000,16043,6385200
2015.09.02,17.08000,17.74000,16.82000,17.65000,26693,10593100
2015.09.03,17.72000,18.88000,17.64000,18.26000,19904,8803200
2015.09.04,17.89000,18.13000,17.59000,17.78000,18478,11929000
2015.09.08,18.49000,18.71000,18.16000,18.45000,11620,6503700
2015.09.09,18.91000,19.44000,18.46000,18.58000,17405,7710800
2015.09.10,18.23000,19.55000,18.19000,19.44000,22209,9572900
2015.09.11,19.72000,20.04000,18.69000,18.96000,20935,8178400
2015.09.14,18.83000,19.09000,18.32000,18.67000,14531,5681700
2015.09.15,18.62000,18.77000,18.05000,18.13000,15137,6052400
2015.09.16,18.34000,18.78000,18.16000,18.56000,15222,6510800
2015.09.17,18.40000,19.77000,18.40000,19.00000,19391,7176700
2015.09.18,18.97000,19.89000,18.90000,19.41000,26326,11201100
2015.09.21,19.50000,19.77000,19.13000,19.43000,12188,5204800
2015.09.22,18.96000,19.21000,18.36000,18.97000,18113,8150400
2015.09.23,18.97000,19.15000,18.42000,18.42000,13887,5322700
2015.09.24,17.89000,18.51000,17.89000,17.98000,21354,6058300
2015.09.25,18.19000,18.44000,17.37000,17.48000,10322,4415000
2015.09.28,17.25000,17.25000,16.15000,16.17000,15474,7550200
2015.09.29,16.38000,16.75000,16.01000,16.06000,12148,7689400
2015.09.30,16.53000,16.62000,15.92000,16.16000,16217,6656900
2015.10.01,16.38000,17.07000,16.29000,16.78000,19703,6025400
2015.10.02,16.65000,17.48000,16.44000,17.37000,18293,7094500
2015.10.05,17.64000,17.92000,17.54000,17.68000,10620,3560500
2015.10.06,17.89000,18.08000,17.54000,17.85000,12327,4547000
2015.10.07,18.81000,19.79000,18.81000,19.64000,21612,9643300
2015.10.08,19.56000,19.67000,19.18000,19.55000,13754,5874000
2015.10.09,20.01000,20.30000,19.69000,20.26000,20188,12004700
2015.10.13,19.46000,19.49000,18.08000,18.11000,23248,8791900
2015.10.14,18.23000,18.69000,18.13000,18.23000,32095,13340900
2015.10.15,18.38000,18.57000,17.96000,18.49000,13545,5299000
2015.10.16,18.76000,18.76000,18.10000,18.32000,13195,5286500
2015.10.19,18.31000,18.45000,17.62000,17.71000,17815,6627700
2015.10.20,17.81000,17.87000,17.26000,17.52000,11135,4101800
2015.10.21,17.51000,18.18000,17.50000,17.99000,11216,3689500
2015.10.22,18.10000,18.90000,18.07000,18.41000,18548,7223800
2015.10.23,19.15000,19.23000,18.25000,18.50000,20769,8337200
2015.10.26,18.45000,18.55000,17.74000,17.77000,14586,5032900
2015.10.27,17.72000,17.82000,16.86000,16.94000,14245,7463500
2015.10.28,16.77000,16.83000,16.31000,16.48000,21213,9459400
2015.10.29,16.12000,16.41000,16.05000,16.05000,15307,5875100
2015.10.30,16.22000,16.97000,16.21000,16.97000,15125,6120900
2015.11.03,17.16000,17.66000,16.75000,17.66000,19902,7944000
2015.11.04,18.07000,18.25000,16.98000,17.31000,17691,7170700
2015.11.05,17.32000,17.32000,16.55000,16.86000,13824,5530800
2015.11.06,16.07000,16.27000,15.51000,15.59000,21902,10019900
2015.11.09,15.56000,15.76000,15.28000,15.36000,7534,2976200
2015.11.10,15.27000,15.35000,15.05000,15.30000,12771,4443100
2015.11.11,15.43000,15.76000,14.98000,15.24000,9781,3974700
2015.11.12,15.07000,15.24000,14.92000,14.97000,12154,5638200
2015.11.13,15.01000,15.31000,14.92000,15.29000,10311,3774500
2015.11.16,15.30000,15.45000,14.91000,14.97000,12058,4938100
2015.11.17,15.02000,15.02000,14.41000,14.44000,14134,4559600
2015.11.18,14.37000,14.86000,14.27000,14.51000,19897,5947400
2015.11.19,14.80000,14.92000,14.42000,14.56000,11880,3996400
2015.11.23,14.26000,14.40000,13.99000,14.17000,13755,5727500
2015.11.24,14.04000,14.56000,13.81000,14.39000,14584,4588700
2015.11.25,14.14000,14.43000,13.99000,13.99000,16207,5037600
2015.11.26,14.05000,14.19000,14.02000,14.11000,4785,3803600
2015.11.27,14.01000,14.01000,13.23000,13.23000,15739,5924500
2015.11.30,12.97000,13.32000,12.53000,13.10000,35769,13580600
2015.12.01,12.93000,13.25000,12.52000,12.77000,17721,6827200
2015.12.02,12.77000,12.96000,12.19000,12.87000,21329,9799100
2015.12.03,12.78000,13.13000,12.67000,12.80000,18088,7183100
2015.12.04,12.77000,12.83000,12.10000,12.28000,16540,6353600
2015.12.07,12.28000,12.38000,12.00000,12.15000,10620,3111800
2015.12.08,11.88000,11.88000,11.19000,11.59000,20450,7855300
2015.12.09,11.89000,12.35000,11.73000,12.02000,20154,7280600
2015.12.10,12.04000,12.61000,11.99000,12.60000,19715,9892200
2015.12.11,12.13000,12.35000,11.85000,12.15000,23379,8380400
2015.12.14,12.12000,12.48000,12.12000,12.39000,12697,5684100
2015.12.15,12.53000,13.05000,12.53000,12.81000,20616,6827500
2015.12.16,12.64000,13.40000,12.64000,13.18000,12034,4431700
2015.12.17,13.43000,13.53000,12.67000,12.67000,12743,5762700
2015.12.18,12.25000,12.89000,12.25000,12.82000,22241,10929300
2015.12.21,13.03000,13.29000,12.22000,12.22000,18710,6942100
2015.12.22,12.31000,12.56000,12.18000,12.48000,7911,5677800
2015.12.23,13.05000,13.50000,12.85000,13.15000,19471,7174800
2015.12.28,12.93000,13.10000,12.49000,12.57000,6999,3095800
2015.12.29,12.54000,12.74000,12.23000,12.65000,6004,2890100
2015.12.30,12.81000,13.07000,12.56000,12.96000,9552,5226600
2016.01.04,12.42000,12.91000,12.41000,12.62000,12991,4587900
2016.01.05,12.60000,12.77000,12.34000,12.45000,6567,2693500
2016.01.06,12.02000,12.05000,11.53000,11.54000,17533,6758900
2016.01.07,11.20000,11.31000,10.82000,10.85000,16995,6450400
2016.01.08,11.01000,11.19000,10.48000,10.48000,11629,4429400
2016.01.11,10.44000,10.70000,10.09000,10.19000,12098,5658100
2016.01.12,10.40000,10.40000,9.33000,9.36000,18151,7581600
2016.01.13,9.56000,9.80000,8.75000,8.95000,22240,9208300
2016.01.14,9.10000,9.68000,8.89000,9.60000,24973,11080500
2016.01.15,9.12000,9.46000,8.94000,9.32000,28353,13283400
2016.01.18,9.26000,9.66000,8.84000,8.84000,10408,3477600
2016.01.19,9.46000,9.57000,9.13000,9.13000,18666,10965000
2016.01.20,8.92000,9.26000,8.66000,9.16000,22581,10928000
2016.01.21,9.16000,9.75000,9.09000,9.09000,21393,10638200
2016.01.22,9.40000,9.70000,8.93000,8.98000,22375,14684700
2016.01.26,8.74000,9.01000,8.58000,8.90000,18499,7220500
2016.01.27,8.90000,9.58000,8.81000,9.36000,17470,7978500
2016.01.28,9.36000,9.86000,9.14000,9.28000,17966,8628400
2016.01.29,9.27000,9.77000,8.99000,9.67000,20316,13958500
2016.02.01,9.58000,9.69000,9.30000,9.45000,12550,6691400
2016.02.02,9.14000,9.26000,8.55000,8.55000,14017,5860700
2016.02.03,8.70000,9.13000,8.65000,8.96000,13254,6300800
2016.02.04,9.53000,10.54000,9.31000,10.29000,31635,14083200
2016.02.05,10.24000,10.73000,10.08000,10.18000,16975,9259100
2016.02.10,9.95000,10.36000,9.80000,10.15000,8307,4464700
2016.02.11,9.90000,10.01000,9.56000,9.82000,15612,6646600
2016.02.12,10.00000,10.41000,10.00000,10.20000,10560,5711100
2016.02.15,10.62000,10.74000,10.45000,10.45000,4717,2218500
2016.02.16,10.46000,11.32000,10.46000,11.23000,13978,7412800
2016.02.17,11.63000,12.63000,11.45000,11.85000,30781,12741500
2016.02.18,11.86000,12.11000,11.43000,11.45000,17438,9470200
2016.02.19,11.35000,12.05000,11.31000,11.77000,13220,7540200
2016.02.22,12.43000,13.10000,12.36000,13.07000,31927,12431000
2016.02.23,12.91000,13.37000,12.25000,12.31000,22756,9977100
2016.02.24,11.71000,11.89000,11.43000,11.65000,17051,8510200
2016.02.25,11.11000,11.56000,10.85000,10.96000,16914,7333900
2016.02.26,11.33000,11.48000,10.83000,10.94000,13403,5763400
2016.02.29,11.17000,11.96000,11.13000,11.75000,21029,12513200
2016.03.01,12.14000,12.89000,12.08000,12.74000,28556,14126700
2016.03.02,12.74000,14.14000,12.67000,14.14000,27237,15826600
2016.03.03,14.40000,16.00000,13.85000,15.54000,33486,17302900
2016.03.04,16.63000,18.23000,15.95000,16.46000,54587,27180100
2016.03.07,17.66000,18.50000,16.59000,17.49000,41639,20198100
2016.03.08,16.72000,17.00000,14.95000,14.95000,38269,17884700
2016.03.09,15.25000,15.45000,13.97000,14.42000,25141,11891900
2016.03.10,14.92000,14.92000,13.21000,13.93000,29612,11073200
2016.03.11,14.00000,14.57000,13.67000,13.80000,25541,11250900
2016.03.14,13.83000,14.08000,13.21000,13.37000,19532,8796800
2016.03.15,12.92000,13.44000,12.74000,13.41000,21836,9670100
2016.03.16,13.45000,14.79000,13.34000,14.74000,24620,10124800
2016.03.17,15.54000,15.93000,14.70000,15.42000,37933,13691200
2016.03.18,15.81000,16.01000,14.86000,15.25000,28190,14104200
2016.03.21,15.41000,15.80000,14.79000,15.07000,17335,7903300
2016.03.22,14.91000,15.52000,14.87000,15.35000,15277,6189800
2016.03.23,15.21000,15.29000,13.98000,14.05000,17559,8206000
2016.03.24,13.92000,15.13000,13.61000,14.97000,18552,7881400
2016.03.28,15.64000,15.64000,14.70000,15.09000,19295,6656400
2016.03.29,15.02000,15.32000,14.36000,15.01000,15776,7935500
2016.03.30,15.30000,16.27000,15.24000,15.46000,20297,8509600
2016.03.31,15.12000,15.48000,14.77000,15.07000,18402,8309600
2016.04.01,14.81000,15.84000,14.57000,15.43000,20245,7251700
2016.04.04,15.53000,15.83000,14.67000,14.71000,15589,6283400
2016.04.05,14.42000,15.44000,14.38000,15.21000,14513,5381700
2016.04.06,15.00000,15.41000,14.83000,14.99000,13772,6265000
2016.04.07,15.34000,15.39000,14.77000,14.93000,10434,4700200
2016.04.08,15.42000,16.25000,15.28000,16.15000,10880,6363200
2016.04.11,16.37000,17.25000,16.36000,16.88000,19106,9942000
2016.04.12,17.41000,19.00000,17.29000,18.64000,24296,8875000
2016.04.13,19.66000,20.48000,19.20000,19.47000,29085,12925000
2016.04.14,19.80000,19.93000,17.92000,18.10000,21769,8690800
2016.04.15,18.30000,18.85000,17.67000,18.50000,19841,7250400
2016.04.18,18.60000,19.37000,18.46000,18.95000,17405,6643600
2016.04.19,19.65000,20.80000,19.52000,20.35000,18775,6948300
2016.04.20,20.46000,22.07000,20.42000,21.64000,35019,12471400
2016.04.22,19.90000,20.46000,19.09000,19.23000,37578,15505800
2016.04.25,19.10000,19.10000,17.92000,17.96000,18480,13922800
2016.04.26,18.02000,18.91000,17.26000,18.59000,27266,16005300
2016.04.27,18.61000,19.53000,18.08000,19.35000,30503,15683400
2016.04.28,20.36000,20.77000,19.35000,19.69000,24518,11614100
2016.04.29,20.15000,20.82000,19.59000,19.59000,27557,12302400
2016.05.02,20.03000,20.20000,19.00000,19.76000,14982,5886000
2016.05.03,19.04000,19.30000,18.36000,18.56000,16226,7247100
2016.05.04,17.51000,18.07000,17.11000,17.31000,33183,11885400
2016.05.05,17.71000,17.74000,16.21000,16.57000,27459,12063100
2016.05.06,16.28000,17.34000,16.08000,16.79000,32720,10337900
2016.05.09,16.01000,16.25000,14.97000,15.15000,27503,12502600
2016.05.10,15.52000,15.88000,15.05000,15.79000,21924,7976700
2016.05.11,16.14000,16.36000,15.50000,15.86000,14405,6653200
2016.05.12,15.97000,16.16000,15.14000,15.36000,13915,4627400
2016.05.13,15.33000,15.80000,14.52000,14.60000,24049,10407500
2016.05.16,14.52000,15.58000,14.52000,14.85000,12473,5934400
2016.05.17,15.10000,15.66000,14.53000,15.05000,20639,8596400
2016.05.18,14.74000,15.23000,14.61000,14.63000,16130,6582600
2016.05.19,14.26000,14.84000,14.00000,14.81000,20686,8842200
2016.05.20,15.17000,15.31000,13.88000,14.06000,18700,6988500
2016.05.23,13.59000,14.60000,13.59000,14.36000,17338,6825700
2016.05.24,14.53000,14.71000,13.88000,13.95000,15559,6027800
2016.05.25,14.03000,14.64000,13.92000,14.54000,21632,11063500
2016.05.27,14.62000,14.83000,14.21000,14.21000,10299,4057000
2016.05.30,14.31000,14.39000,14.05000,14.20000,2715,1066600
2016.05.31,14.00000,14.85000,13.87000,14.14000,18909,10874600
2016.06.01,14.02000,14.42000,13.73000,14.35000,12193,4897500
2016.06.02,14.29000,14.87000,14.13000,14.87000,16027,4863000
2016.06.03,15.18000,16.23000,15.03000,16.15000,20613,7053400
2016.06.06,16.52000,16.84000,16.16000,16.80000,18660,6318700
2016.06.07,16.75000,17.26000,16.39000,16.48000,14587,5563500
2016.06.08,16.69000,17.07000,16.49000,16.91000,14735,6014400
2016.06.09,16.71000,16.71000,15.41000,15.62000,20379,11393100
2016.06.10,15.06000,15.24000,14.74000,14.87000,14810,5897800
2016.06.13,14.58000,15.41000,14.42000,15.12000,18033,6370700
2016.06.14,15.03000,15.31000,14.34000,14.55000,21778,7422100
2016.06.15,14.72000,15.43000,14.68000,14.92000,20370,9533500
2016.06.16,14.71000,15.32000,14.56000,15.15000,17733,6322600
2016.06.17,15.56000,15.85000,15.00000,15.20000,16587,8578000
2016.06.20,15.69000,15.92000,15.43000,15.49000,10871,4169100
2016.06.21,15.54000,15.59000,15.03000,15.52000,11265,3914900
2016.06.22,15.73000,16.15000,15.72000,15.77000,13346,4866900
2016.06.23,16.17000,16.55000,15.87000,16.50000,11442,4074900
2016.06.24,15.40000,15.75000,15.02000,15.13000,21263,8437800
2016.06.27,15.23000,15.37000,14.53000,14.72000,12549,5211600
2016.06.28,15.12000,15.61000,15.09000,15.38000,14290,5291900
2016.06.29,15.80000,15.96000,15.57000,15.63000,10349,4862100
2016.06.30,15.81000,16.25000,15.64000,16.18000,14500,6935200
2016.07.01,16.22000,16.73000,15.88000,16.53000,11564,5212600
2016.07.04,16.77000,17.06000,16.77000,16.88000,3437,1566900
2016.07.05,16.52000,16.94000,15.86000,15.97000,13354,5500000
2016.07.06,15.76000,16.24000,15.43000,16.20000,9297,4106900
2016.07.07,16.26000,16.65000,15.65000,15.94000,12336,5596000
2016.07.08,16.17000,16.56000,16.03000,16.10000,8724,3888500
2016.07.11,16.46000,16.86000,16.38000,16.77000,8259,4772400
2016.07.12,17.35000,17.83000,17.28000,17.60000,27054,9430000
2016.07.13,17.66000,17.83000,16.98000,17.73000,15815,6512800
2016.07.14,18.00000,18.00000,16.96000,17.26000,20461,8929700
2016.07.15,17.27000,17.58000,17.04000,17.25000,9244,3793400
2016.07.18,17.26000,17.51000,16.94000,17.49000,9535,4327600
2016.07.19,17.15000,17.24000,16.42000,16.75000,18308,8184900
2016.07.20,16.74000,16.94000,16.31000,16.42000,13927,7392300
2016.07.21,16.80000,17.45000,16.75000,17.31000,13031,7498400
2016.07.22,17.19000,17.27000,16.66000,17.06000,10974,4490900
2016.07.25,17.25000,17.36000,16.85000,17.33000,12067,5158900
2016.07.26,17.37000,18.50000,17.30000,18.32000,18499,9235200
2016.07.27,18.50000,18.99000,18.50000,18.82000,12523,5252700
2016.07.28,18.96000,19.10000,18.28000,18.94000,20829,9007200
2016.07.29,18.80000,18.80000,18.01000,18.40000,21635,7539600
2016.08.01,18.70000,18.98000,17.81000,17.81000,16585,6632500
2016.08.02,17.91000,18.38000,17.56000,17.89000,9921,4144400
2016.08.03,17.82000,18.82000,17.56000,18.72000,17881,7525500
2016.08.04,18.48000,18.99000,18.27000,18.66000,15686,6882600
2016.08.05,19.01000,19.12000,18.63000,18.87000,10813,4211800
2016.08.08,18.95000,19.28000,18.66000,18.88000,7515,3464700
2016.08.09,18.95000,19.29000,18.81000,18.89000,12606,5245300
2016.08.10,19.09000,19.12000,17.99000,17.99000,17891,9242800
2016.08.11,18.05000,18.34000,17.81000,18.31000,16072,6113100
2016.08.12,18.24000,18.28000,17.68000,17.86000,14088,5897400
2016.08.15,17.98000,18.39000,17.91000,18.33000,10306,3694600
2016.08.16,18.48000,19.15000,18.45000,18.88000,11291,5071200
2016.08.17,18.70000,19.08000,18.32000,19.02000,13660,5327400
2016.08.18,19.04000,19.24000,18.57000,18.82000,7732,4059100
2016.08.19,18.80000,19.19000,18.58000,18.98000,10304,4209100
2016.08.22,18.84000,18.84000,18.18000,18.28000,9625,4819400
2016.08.23,18.65000,19.10000,18.60000,18.65000,13435,5826600
2016.08.24,18.50000,18.70000,17.92000,18.05000,13012,6921900
2016.08.25,18.10000,18.44000,17.99000,18.08000,11696,7033400
2016.08.26,18.21000,18.50000,17.46000,17.62000,14035,5960600
2016.08.29,17.76000,18.20000,17.66000,18.00000,11728,4511200
2016.08.30,18.01000,18.09000,17.52000,17.56000,8509,3482300
2016.08.31,17.56000,17.61000,16.75000,16.85000,21653,9378900
2016.09.01,16.96000,17.44000,16.93000,17.35000,12297,5299600
2016.09.02,17.61000,18.27000,17.56000,18.14000,12255,6863400
2016.09.05,18.29000,18.29000,17.76000,17.81000,5245,2501900
2016.09.06,17.89000,18.22000,17.60000,18.17000,11282,5128100
2016.09.08,17.91000,18.07000,17.57000,17.70000,16600,8029800
2016.09.09,17.57000,17.62000,16.77000,16.77000,13845,5754200
2016.09.12,16.75000,17.46000,16.49000,17.40000,17783,7151900
2016.09.13,16.99000,17.05000,16.07000,16.18000,24198,8040500
2016.09.14,16.41000,16.77000,16.27000,16.55000,10448,3636800
2016.09.15,16.69000,16.91000,16.36000,16.55000,6442,2237800
2016.09.16,16.49000,16.51000,16.13000,16.32000,8667,5275000
2016.09.19,16.66000,16.83000,16.40000,16.57000,7900,3275600
2016.09.20,16.63000,16.71000,16.29000,16.61000,8846,3347000
2016.09.21,17.12000,17.56000,17.01000,17.56000,17168,7602900
2016.09.22,17.77000,17.86000,17.23000,17.46000,18179,5344400
2016.09.23,17.38000,17.75000,17.22000,17.56000,15888,4752400
2016.09.26,17.30000,17.59000,17.29000,17.35000,6075,2328100
2016.09.27,17.26000,17.54000,17.01000,17.51000,7933,3165000
2016.09.28,17.59000,18.12000,17.56000,18.09000,13099,4911700
2016.09.29,18.11000,18.32000,17.78000,17.89000,9602,4370300
2016.09.30,17.92000,17.98000,17.57000,17.72000,11310,4517200
2016.10.03,17.76000,18.17000,17.66000,18.00000,11262,3674400
2016.10.04,18.10000,18.20000,17.47000,17.56000,10316,5313300
2016.10.05,17.79000,17.91000,17.62000,17.77000,8638,3206900
2016.10.06,17.75000,17.85000,17.61000,17.71000,9817,4175600
2016.10.07,17.87000,18.18000,17.63000,17.90000,30987,10035600
2016.10.10,18.14000,18.99000,18.06000,18.95000,19611,8869200
2016.10.11,18.78000,19.00000,18.30000,18.50000,23791,9724100
2016.10.13,18.15000,18.15000,17.61000,17.66000,36836,18403100
2016.10.14,18.00000,18.23000,17.87000,17.92000,15830,6778500
2016.10.17,17.99000,18.35000,17.88000,18.14000,16407,5163600
2016.10.18,18.40000,18.78000,18.24000,18.67000,19966,9581100
2016.10.19,18.66000,18.82000,18.41000,18.52000,11028,4573100
2016.10.20,18.57000,19.07000,18.55000,19.00000,18362,9474800
2016.10.21,19.05000,20.09000,18.78000,19.80000,35223,16069400
2016.10.24,20.19000,20.50000,19.91000,20.19000,17679,7251300
2016.10.25,20.72000,21.24000,20.51000,21.24000,24136,11607500
2016.10.26,20.99000,21.74000,20.71000,21.65000,21214,10290600
2016.10.27,21.98000,22.19000,21.55000,21.88000,17686,10148800
2016.10.28,21.73000,22.35000,21.71000,22.02000,16386,9967500
2016.10.31,22.03000,22.22000,21.55000,21.96000,14606,6545600
2016.11.01,22.25000,22.53000,21.46000,22.18000,18121,7503800
2016.11.03,21.93000,22.54000,21.76000,21.84000,16738,8953400
2016.11.04,21.69000,22.00000,21.33000,21.50000,14841,7433500
2016.11.07,22.27000,23.09000,22.08000,23.01000,12601,5148700
2016.11.08,22.89000,24.17000,22.86000,23.84000,13140,4850600
2016.11.09,23.47000,25.75000,23.20000,24.87000,31872,13530400
2016.11.10,25.82000,27.26000,25.66000,26.73000,22252,10367700
2016.11.11,27.54000,27.86000,25.66000,25.84000,37939,15173900
2016.11.14,25.68000,26.60000,25.42000,26.32000,17473,7093100
2016.11.16,24.96000,25.19000,24.04000,25.02000,18395,7501900
2016.11.17,25.35000,25.46000,24.61000,24.61000,13960,8337800
2016.11.18,24.47000,24.74000,23.59000,24.44000,22672,6893800
2016.11.21,24.62000,25.76000,24.52000,25.69000,15188,6291900
2016.11.22,26.93000,27.73000,26.76000,27.62000,17680,7431700
2016.11.23,27.60000,28.22000,27.20000,28.02000,15949,6486000
2016.11.24,28.14000,28.38000,27.44000,27.44000,6021,2690500
2016.11.25,27.38000,28.75000,27.36000,28.75000,11887,6218900
2016.11.28,28.85000,30.85000,28.44000,30.85000,20617,8817900
2016.11.29,30.27000,30.29000,28.71000,29.03000,19141,9459400
2016.11.30,28.83000,29.39000,27.77000,27.91000,19964,14907900
2016.12.01,28.92000,30.09000,27.76000,28.32000,33910,11799200
2016.12.02,27.81000,29.49000,27.45000,29.49000,19192,9537100
2016.12.05,29.77000,30.15000,29.21000,29.60000,9627,4397400
2016.12.06,29.32000,30.00000,29.13000,30.00000,16874,4878800
2016.12.07,30.88000,31.48000,30.43000,31.03000,15878,6300800
2016.12.08,31.30000,31.65000,30.00000,30.13000,14550,5145300
2016.12.09,30.28000,30.40000,29.46000,29.61000,16601,5973500
2016.12.12,29.79000,30.05000,29.19000,29.49000,11267,3642800
2016.12.13,28.95000,29.51000,28.06000,28.33000,17206,6229000
2016.12.14,28.15000,28.67000,27.50000,27.88000,21051,7732900
2016.12.15,27.80000,28.63000,27.34000,28.23000,11691,5288200
2016.12.16,28.28000,28.59000,27.75000,27.75000,8845,6343900
2016.12.19,27.70000,27.94000,25.99000,26.05000,15651,6369800
2016.12.20,26.21000,26.64000,25.92000,26.58000,13080,4565700
2016.12.21,26.71000,26.94000,26.22000,26.48000,9856,3690600
2016.12.22,25.90000,26.03000,25.21000,25.38000,12337,3926800
2016.12.23,25.46000,25.72000,25.18000,25.19000,9754,4234100
2016.12.26,25.33000,26.07000,25.14000,25.99000,3023,854600
2016.12.27,26.23000,26.39000,25.83000,25.86000,6101,1967300
2016.12.28,26.21000,26.92000,26.21000,26.68000,16456,6264000
2016.12.29,26.68000,26.85000,25.50000,25.68000,13267,4778000
2017.01.02,25.28000,25.49000,25.05000,25.06000,3538,1118500
2017.01.03,25.51000,26.17000,25.40000,26.17000,15415,5658500
2017.01.04,26.06000,26.23000,25.36000,25.70000,5459,2144400
2017.01.05,25.98000,26.90000,25.78000,26.68000,11824,4031600
2017.01.06,26.29000,26.59000,25.86000,25.97000,9856,4213500
2017.01.09,26.30000,26.85000,26.27000,26.50000,9075,3407800
2017.01.10,27.42000,28.54000,27.42000,28.54000,10476,3606500
2017.01.11,28.81000,29.19000,28.33000,29.13000,10971,3499900
2017.01.12,30.08000,30.42000,29.71000,30.07000,15539,5500500
2017.01.13,29.89000,31.20000,29.70000,30.99000,11025,5410000
2017.01.16,31.20000,32.11000,31.20000,31.82000,4900,2018500
2017.01.17,31.23000,31.30000,30.49000,30.57000,16221,5968500
2017.01.18,30.35000,32.69000,30.35000,32.11000,35146,14846300
2017.01.19,32.00000,32.02000,31.03000,31.47000,15877,5303100
2017.01.20,30.99000,32.43000,30.95000,32.10000,14128,6309700
2017.01.23,32.21000,33.48000,32.19000,33.31000,13291,4369600
2017.01.24,34.07000,34.72000,33.27000,34.13000,15806,5373900
2017.01.26,34.42000,34.63000,33.60000,33.60000,12964,5274700
2017.01.27,33.48000,34.20000,33.41000,33.70000,9550,3244000
2017.01.30,33.22000,33.49000,32.14000,32.25000,11391,3136800
2017.01.31,32.70000,32.95000,32.11000,32.18000,10247,4067300
2017.02.01,32.70000,33.51000,32.68000,32.89000,18333,5928500
2017.02.02,32.41000,33.44000,32.41000,32.66000,13456,4024400
2017.02.03,32.00000,32.00000,30.39000,30.61000,22795,6833500
2017.02.06,30.66000,30.77000,29.87000,29.92000,13227,3554600
2017.02.07,30.64000,31.33000,30.08000,30.24000,15355,4296100